<?xml version="1.0" encoding="UTF-8"?>
<project-private xmlns="http://www.netbeans.org/ns/project-private/1">
    <editor-bookmarks xmlns="http://www.netbeans.org/ns/editor-bookmarks/2" lastBookmarkId="0"/>
    <open-files xmlns="http://www.netbeans.org/ns/projectui-open-files/2">
        <group>
            <file>file:/C:/Users/lorena.rsouza1/Documents/NetBeansProjects/Site/src/java/CadastroServlet.java</file>
            <file>file:/C:/Users/lorena.rsouza1/Documents/NetBeansProjects/Site/web/script.js</file>
            <file>file:/C:/Users/lorena.rsouza1/Documents/NetBeansProjects/Site/web/login.html</file>
            <file>file:/C:/Users/lorena.rsouza1/Documents/NetBeansProjects/Site/web/cadastro.html</file>
            <file>file:/C:/Users/lorena.rsouza1/Documents/NetBeansProjects/Site/web/index.html</file>
        </group>
    </open-files>
</project-private>
